﻿pos_x,pos_y,rotation,side,designator,mpn,pack,value,mount_type,place
199.0,-96.5,-90.0,bottom,C203,,C_0603_1608Metric_Pad1.08x0.95mm_HandSolder,0.1uF,smt,True
195.75,-99.75,-90.0,top,C204,,C_0805_2012Metric_Pad1.18x1.45mm_HandSolder,1uF,smt,True
195.5,-84.75,90.0,top,C205,,C_0805_2012Metric_Pad1.18x1.45mm_HandSolder,1uF,smt,True
199.25,-100.75,0.0,top,C206,,C_0603_1608Metric_Pad1.08x0.95mm_HandSolder,0.1uF,smt,True
192.25,-91.25,-90.0,bottom,C207,,C_0603_1608Metric_Pad1.08x0.95mm_HandSolder,0.1uF,smt,True
195.5,-88.5,0.0,bottom,C208,,C_0603_1608Metric_Pad1.08x0.95mm_HandSolder,0.1uF,smt,True
198.25,-90.5,-90.0,bottom,C209,,C_0603_1608Metric_Pad1.08x0.95mm_HandSolder,0.1uF,smt,True
199.5,-98.25,0.0,top,C210,,C_0805_2012Metric_Pad1.18x1.45mm_HandSolder,4.7uF,smt,True
164.8,-82.6,90.0,bottom,C301,,C_0603_1608Metric_Pad1.08x0.95mm_HandSolder,0.1uF,smt,True
167.3,-80.2,180.0,top,C302,,C_0603_1608Metric_Pad1.08x0.95mm_HandSolder,0.1uF,smt,True
183.325,-75.775,90.0,bottom,C303,,C_0805_2012Metric_Pad1.18x1.45mm_HandSolder,1uF,smt,True
171.025,-100.1,-90.0,bottom,C305,,C_0805_2012Metric_Pad1.18x1.45mm_HandSolder,1uF,smt,True
178.175,-86.625,0.0,bottom,C306,,C_0603_1608Metric_Pad1.08x0.95mm_HandSolder,0.1uF,smt,True
179.0,-74.0,90.0,top,C308,,C_0805_2012Metric_Pad1.18x1.45mm_HandSolder,10uF,smt,True
175.975,-104.825,0.0,top,C309,,C_0603_1608Metric_Pad1.08x0.95mm_HandSolder,0.1uF,smt,True
180.325,-91.875,0.0,bottom,C310,,C_0603_1608Metric_Pad1.08x0.95mm_HandSolder,0.1uF,smt,True
174.4,-100.15,-90.0,bottom,C311,,C_0603_1608Metric_Pad1.08x0.95mm_HandSolder,0.1uF,smt,True
169.05,-95.05,-90.0,bottom,C312,,C_0603_1608Metric_Pad1.08x0.95mm_HandSolder,0.1uF,smt,True
173.025,-81.175,0.0,top,C313,,C_0805_2012Metric_Pad1.18x1.45mm_HandSolder,4.7uF,smt,True
206.525,-75.475,-90.0,bottom,C501,,C_0603_1608Metric_Pad1.08x0.95mm_HandSolder,0.1uF,smt,True
201.2,-102.625,0.0,top,C502,,C_0603_1608Metric_Pad1.08x0.95mm_HandSolder,0.1uF,smt,True
197.225,-105.625,-90.0,top,C504,,C_0603_1608Metric_Pad1.08x0.95mm_HandSolder,2.2uF,smt,True
195.25,-108.5,0.0,bottom,C505,,C_0603_1608Metric_Pad1.08x0.95mm_HandSolder,0.1uF,smt,True
192.25,-105.75,90.0,top,C506,,C_0805_2012Metric_Pad1.18x1.45mm_HandSolder,10uF,smt,True
189.75,-100.525,90.0,bottom,C601,,C_0603_1608Metric_Pad1.08x0.95mm_HandSolder,0.1uF,smt,True
187.65,-76.675,0.0,bottom,C602,,C_0603_1608Metric_Pad1.08x0.95mm_HandSolder,0.1uF,smt,True
179.025,-76.55,0.0,bottom,C603,,C_0603_1608Metric_Pad1.08x0.95mm_HandSolder,0.1uF,smt,True
179.75,-89.275,-90.0,bottom,C604,,C_0805_2012Metric,1uF,smt,True
187.5,-94.25,0.0,bottom,C605,,C_0805_2012Metric,1uF,smt,True
178.15,-107.8,180.0,bottom,C606,,C_0603_1608Metric_Pad1.08x0.95mm_HandSolder,0.1uF,smt,True
207.0,-83.5,180.0,top,D203,,LED_0603_1608Metric_Pad1.05x0.95mm_HandSolder,LED RED,smt,True
162.5,-83.475,0.0,top,D301,,LED_0603_1608Metric_Pad1.05x0.95mm_HandSolder,LED RED,smt,True
163.5,-74.75,180.0,top,D302,,LED_0603_1608Metric_Pad1.05x0.95mm_HandSolder,LED RED,smt,True
168.5,-83.0,-90.0,top,D401,,D_0603_1608Metric,CDBU0520-HF,smt,True
196.2,-79.5,-90.0,top,D402,,D_0603_1608Metric,CDBU0520-HF,smt,True
190.75,-108.75,0.0,top,D501,,LED_0603_1608Metric_Pad1.05x0.95mm_HandSolder,eMMC PWR LED RED,smt,True
162.5,-98.5,0.0,top,D502,,LED_0603_1608Metric_Pad1.05x0.95mm_HandSolder,SEL_A,smt,True
207.0,-98.5,0.0,top,D503,,LED_0603_1608Metric_Pad1.05x0.95mm_HandSolder,SEL_B,smt,True
170.5,-84.625,90.0,top,FB301,,L_0603_1608Metric_Pad1.05x0.95mm_HandSolder,BK2125HS601-T,smt,True
198.1,-82.9,90.0,top,FB401,,L_0603_1608Metric_Pad1.05x0.95mm_HandSolder,BK2125HS601-T,smt,True
163.715,-91.0,-90.0,top,J101,,USB_C_5077CR-16-SMC2-BK-TR,USB_C_Receptacle_USB2.0_5077CR,smt,True
205.285,-91.0,90.0,top,J102,,USB_C_5077CR-16-SMC2-BK-TR,USB_C_Receptacle_USB2.0_5077CR,smt,True
201.425,-105.425,0.0,bottom,Q501,,SOT-23,2N7002K,smt,True
195.125,-105.55,180.0,bottom,Q502,,MSOP-8_3x3mm_P0.65mm,IRF7606TRPBF,smt,True
162.5,-92.0,180.0,bottom,R103,,R_0805_2012Metric_Pad1.20x1.40mm_HandSolder,5.1K,smt,True
162.5,-89.75,180.0,bottom,R104,,R_0805_2012Metric_Pad1.20x1.40mm_HandSolder,5.1K,smt,True
205.25,-89.75,0.0,bottom,R106,,R_0805_2012Metric_Pad1.20x1.40mm_HandSolder,5.1K,smt,True
205.25,-92.0,0.0,bottom,R107,,R_0805_2012Metric_Pad1.20x1.40mm_HandSolder,5.1K,smt,True
198.0,-96.0,0.0,top,R206,,R_0805_2012Metric_Pad1.20x1.40mm_HandSolder,12K 1%,smt,True
192.5,-97.5,90.0,bottom,R207,,R_0805_2012Metric_Pad1.20x1.40mm_HandSolder,10K,smt,True
186.5,-91.25,0.0,bottom,R208,,R_0805_2012Metric_Pad1.20x1.40mm_HandSolder,10K,smt,True
207.0,-81.0,180.0,top,R209,,R_0805_2012Metric_Pad1.20x1.40mm_HandSolder,330R,smt,True
169.625,-85.55,180.0,bottom,R301,,R_0805_2012Metric_Pad1.20x1.40mm_HandSolder,12K 1%,smt,True
173.375,-80.1,-90.0,bottom,R302,,R_0805_2012Metric_Pad1.20x1.40mm_HandSolder,10K,smt,True
162.9,-83.7,-90.0,bottom,R303,,R_0805_2012Metric_Pad1.20x1.40mm_HandSolder,10K,smt,True
162.375,-78.075,0.0,top,R304,,R_0805_2012Metric_Pad1.20x1.40mm_HandSolder,330R,smt,True
176.0,-102.475,180.0,top,R308,,R_0805_2012Metric_Pad1.20x1.40mm_HandSolder,10K,smt,True
163.25,-74.0,180.0,bottom,R309,,R_0805_2012Metric_Pad1.20x1.40mm_HandSolder,1K,smt,True
195.75,-101.1,0.0,bottom,R501,,R_0805_2012Metric_Pad1.20x1.40mm_HandSolder,2K,smt,True
201.2,-102.1,0.0,bottom,R502,,R_0805_2012Metric_Pad1.20x1.40mm_HandSolder,10K,smt,True
194.85,-105.725,-90.0,top,R503,,R_0805_2012Metric_Pad1.20x1.40mm_HandSolder,10K,smt,True
180.075,-99.475,0.0,top,R504,,R_0805_2012Metric_Pad1.20x1.40mm_HandSolder,10K,smt,True
166.75,-98.5,180.0,top,R505,,R_0805_2012Metric_Pad1.20x1.40mm_HandSolder,330,smt,True
201.4,-106.55,180.0,top,R506,,R_0805_2012Metric_Pad1.20x1.40mm_HandSolder,1K,smt,True
189.25,-105.75,-90.0,bottom,R507,,R_0805_2012Metric_Pad1.20x1.40mm_HandSolder,1K,smt,True
205.5,-98.25,0.0,bottom,R508,,R_0805_2012Metric_Pad1.20x1.40mm_HandSolder,330,smt,True
189.225,-99.525,180.0,top,R509,,R_0805_2012Metric_Pad1.20x1.40mm_HandSolder,1K,smt,True
182.25,-108.75,180.0,bottom,R601,,R_0805_2012Metric_Pad1.20x1.40mm_HandSolder,10K,smt,True
177.975,-104.35,0.0,bottom,R602,,R_0805_2012Metric_Pad1.20x1.40mm_HandSolder,10K,smt,True
167.5,-103.25,0.0,top,SW301,,WS-TASV SMT Tact Switch,RESET SW,smt,True
181.35,-104.025,0.0,top,SW501,,TS-06104,TS-06104,smt,True
196.0,-96.5,0.0,bottom,U202,,SOT-23-5,AT24C04-STUM,smt,True
195.2511,-91.02,180.0,top,U203,,QFN36_6X6MC_MCH,USB2244-AEZG-06,smt,True
169.325,-82.5,180.0,bottom,U302,,SOT-23-5,AT24C04-STUM,smt,True
173.5111,-90.97,0.0,top,U303,,QFN36_6X6MC_MCH,USB2244-AEZG-06,smt,True
171.5,-75.5,0.0,top,U401,,SOT-223-3_TabPin2,LD1117S33TR_SOT223,smt,True
192.55,-76.125,180.0,bottom,U502,,VSSOP-8_2.3x2mm_P0.5mm,74LVC2G74,smt,True
202.95,-75.5,0.0,top,U505,,SOT-23-5_HandSoldering,74AHC1G14,smt,True
179.6,-81.8,180.0,bottom,U601,,TSSOP-16_4.4x5mm_P0.65mm,TMUX1574PWR,smt,True
189.9,-81.8,180.0,bottom,U602,,TSSOP-16_4.4x5mm_P0.65mm,TMUX1574PWR,smt,True
184.7,-99.6,0.0,bottom,U603,,TSSOP-16_4.4x5mm_P0.65mm,TMUX1574PWR,smt,True
184.5,-91.0,0.0,top,U604,,EM32VSUKN FPGA153,EM32VSUKN,smt,True
184.625,-105.525,90.0,bottom,X101,,Oscillator_SMD_SeikoEpson_SG210-4Pin_2.5x2.0mm,SG-210STF 24MHz,smt,True
