﻿designator,quantity,value,pack,mpn,mount_type
"C203, C206, C207, C208, C209, C301, C302, C306, C309, C310, C311, C312, C501, C502, C505, C601, C602, C603, C606",19,0.1uF,C_0603_1608Metric_Pad1.08x0.95mm_HandSolder,,smt
"C204, C205, C303, C305",4,1uF,C_0805_2012Metric_Pad1.18x1.45mm_HandSolder,,smt
"C210, C313",2,4.7uF,C_0805_2012Metric_Pad1.18x1.45mm_HandSolder,,smt
"C308, C506",2,10uF,C_0805_2012Metric_Pad1.18x1.45mm_HandSolder,,smt
C504,1,2.2uF,C_0603_1608Metric_Pad1.08x0.95mm_HandSolder,,smt
"C604, C605",2,1uF,C_0805_2012Metric,,smt
"D203, D301, D302",3,LED RED,LED_0603_1608Metric_Pad1.05x0.95mm_HandSolder,,smt
"D401, D402",2,CDBU0520-HF,D_0603_1608Metric,,smt
D501,1,eMMC PWR LED RED,LED_0603_1608Metric_Pad1.05x0.95mm_HandSolder,,smt
D502,1,SEL_A,LED_0603_1608Metric_Pad1.05x0.95mm_HandSolder,,smt
D503,1,SEL_B,LED_0603_1608Metric_Pad1.05x0.95mm_HandSolder,,smt
"FB301, FB401",2,BK2125HS601-T,L_0603_1608Metric_Pad1.05x0.95mm_HandSolder,,smt
"J101, J102",2,USB_C_Receptacle_USB2.0_5077CR,USB_C_5077CR-16-SMC2-BK-TR,,smt
Q501,1,2N7002K,SOT-23,,smt
Q502,1,IRF7606TRPBF,MSOP-8_3x3mm_P0.65mm,,smt
"R103, R104, R106, R107",4,5.1K,R_0805_2012Metric_Pad1.20x1.40mm_HandSolder,,smt
"R206, R301",2,12K 1%,R_0805_2012Metric_Pad1.20x1.40mm_HandSolder,,smt
"R207, R208, R302, R303, R308, R502, R503, R504, R601, R602",10,10K,R_0805_2012Metric_Pad1.20x1.40mm_HandSolder,,smt
"R209, R304",2,330R,R_0805_2012Metric_Pad1.20x1.40mm_HandSolder,,smt
"R309, R506, R507, R509",4,1K,R_0805_2012Metric_Pad1.20x1.40mm_HandSolder,,smt
R501,1,2K,R_0805_2012Metric_Pad1.20x1.40mm_HandSolder,,smt
"R505, R508",2,330,R_0805_2012Metric_Pad1.20x1.40mm_HandSolder,,smt
SW301,1,RESET SW,WS-TASV SMT Tact Switch,,smt
SW501,1,TS-06104,TS-06104,,smt
"U202, U302",2,AT24C04-STUM,SOT-23-5,,smt
"U203, U303",2,USB2244-AEZG-06,QFN36_6X6MC_MCH,,smt
U401,1,LD1117S33TR_SOT223,SOT-223-3_TabPin2,,smt
U502,1,74LVC2G74,VSSOP-8_2.3x2mm_P0.5mm,,smt
U505,1,74AHC1G14,SOT-23-5_HandSoldering,,smt
"U601, U602, U603",3,TMUX1574PWR,TSSOP-16_4.4x5mm_P0.65mm,,smt
U604,1,EM32VSUKN,EM32VSUKN FPGA153,,smt
X101,1,SG-210STF 24MHz,Oscillator_SMD_SeikoEpson_SG210-4Pin_2.5x2.0mm,,smt
